Start,End,Open,High,Low,Close,Volume,Market Cap
10/04/2025,11/04/2025,1664.4149,1664.4149,1487.8328,1523.5091,40667998316,1.89947E+11
09/04/2025,10/04/2025,1468.6484,1681.7472,1398.1091,1663.5134,38247309315,1.82811E+11
08/04/2025,09/04/2025,1553.5105,1610.0218,1454.5963,1471.9187,41651796702,1.85856E+11
07/04/2025,08/04/2025,1577.6704,1610.0293,1428.4288,1557.2572,51461714292,1.85762E+11
06/04/2025,07/04/2025,1806.6143,1813.6853,1548.7903,1575.9425,14215378523,2.10057E+11
05/04/2025,06/04/2025,1814.2436,1825.3814,1780.1814,1808.0793,19035654484,2.17525E+11
04/04/2025,05/04/2025,1817.8271,1831.3776,1769.6891,1814.5371,23940926705,2.1766E+11
03/04/2025,04/04/2025,1790.7517,1839.4916,1757.9195,1816.2813,29105623061,2.17502E+11
02/04/2025,03/04/2025,1904.8768,1934.1828,1786.4358,1796.3661,21369576537,2.26134E+11
01/04/2025,02/04/2025,1824.287,1921.4973,1823.0021,1906.6122,21548050601,2.26195E+11
31/03/2025,01/04/2025,1809.154,1848.2836,1784.3837,1823.6653,20822826162,2.19154E+11
30/03/2025,31/03/2025,1828.9689,1847.8518,1780.1242,1807.174,17236158416,2.20342E+11
29/03/2025,30/03/2025,1899.9579,1912.5142,1805.5895,1830.1057,20906667220,2.24426E+11
28/03/2025,29/03/2025,2001.8577,2014.0999,1869.1977,1898.5164,22252642923,2.31262E+11
27/03/2025,28/03/2025,2011.6954,2034.75,1991.6675,2003.8884,19106022292,2.43373E+11
26/03/2025,27/03/2025,2065.9339,2077.3304,1988.4855,2010.4292,16943277537,2.46179E+11
25/03/2025,26/03/2025,2079.7719,2095.4451,2045.8909,2069.0236,19325532956,2.49237E+11
24/03/2025,25/03/2025,2004.2247,2100.4186,1982.6176,2076.8002,19715330398,2.49258E+11
23/03/2025,24/03/2025,1979.8097,2020.3104,1979.8097,2001.8853,11573310330,2.41542E+11
22/03/2025,23/03/2025,1972.8044,2009.6043,1972.8044,1981.2668,15103215029,2.40565E+11
21/03/2025,22/03/2025,1988.9592,1999.5525,1948.1103,1971.7272,19324559005,2.38333E+11
20/03/2025,21/03/2025,2065.8714,2067.9825,1959.0713,1986.5068,28554448892,2.41489E+11
19/03/2025,20/03/2025,1935.297,2067.5802,1934.1881,2063.8631,23479422737,2.40472E+11
18/03/2025,19/03/2025,1930.5344,1937.3345,1880.996,1936.9743,18082536985,2.29839E+11
17/03/2025,18/03/2025,1892.6962,1948.6853,1885.7061,1933.3362,16520566223,2.31066E+11
16/03/2025,17/03/2025,1938.5851,1939.8424,1877.6917,1890.6401,12535964694,2.30223E+11
15/03/2025,16/03/2025,1914.4071,1951.335,1908.0482,1939.8185,15923381546,2.32735E+11
14/03/2025,15/03/2025,1864.0153,1941.7343,1864.0153,1912.8732,22741240911,2.30022E+11
13/03/2025,14/03/2025,1911.2778,1912.7648,1827.6478,1863.2662,27521325580,2.26381E+11
12/03/2025,13/03/2025,1919.1253,1946.6203,1844.7742,1911.4398,34743451661,2.28362E+11
11/03/2025,12/03/2025,1880.3913,1960.4293,1795.0129,1923.0712,47568712060,2.29605E+11
10/03/2025,11/03/2025,2032.1847,2142.2677,1835.3598,1880.7466,32797212951,2.43178E+11
09/03/2025,10/03/2025,2204.5821,2211.6636,2008.2524,2019.9403,16852270285,2.56563E+11
08/03/2025,09/03/2025,2138.884,2231.0954,2117.1828,2202.5575,23782090322,2.6158E+11
07/03/2025,08/03/2025,2210.1866,2238.9022,2114.0172,2142.4599,30124185705,2.62415E+11
06/03/2025,07/03/2025,2247.4702,2317.006,2186.1326,2206.5306,28421451276,2.71967E+11
05/03/2025,06/03/2025,2169.1151,2271.0317,2161.1394,2245.9787,36872277761,2.65729E+11
04/03/2025,05/03/2025,2161.5935,2215.6223,2024.115,2175.9838,46718587753,2.55015E+11
03/03/2025,04/03/2025,2506.1727,2506.1727,2125.0885,2167.577,50741495617,2.81081E+11
02/03/2025,03/03/2025,2217.611,2543.6252,2186.4539,2518.1219,28583997197,2.78348E+11
01/03/2025,02/03/2025,2235.1403,2279.5333,2150.4487,2215.2059,31508857112,2.6737E+11
28/02/2025,01/03/2025,2310.8623,2310.8623,2088.5831,2237.8809,44094254060,2.62759E+11
27/02/2025,28/02/2025,2338.154,2378.5701,2245.0846,2305.8157,38612095653,2.80713E+11
26/02/2025,27/02/2025,2497.3375,2505.3413,2272.0498,2328.0741,37828000775,2.92932E+11
25/02/2025,26/02/2025,2522.6626,2529.4272,2350.9648,2497.2986,48224793075,2.95515E+11
24/02/2025,25/02/2025,2824.6955,2837.8463,2511.7678,2519.0265,30693807053,3.24339E+11
23/02/2025,24/02/2025,2766.6291,2832.0757,2750.5105,2828.1755,22653966614,3.3697E+11
22/02/2025,23/02/2025,2659.177,2792.4267,2659.177,2765.7345,37181355480,3.2895E+11
21/02/2025,22/02/2025,2743.3713,2840.8126,2625.5183,2661.5362,25626035518,3.29997E+11
20/02/2025,21/02/2025,2719.0535,2768.933,2715.0655,2743.4325,19570223748,3.29973E+11
19/02/2025,20/02/2025,2673.3141,2735.8486,2661.1775,2717.8562,25909673537,3.26209E+11
18/02/2025,19/02/2025,2745.9552,2752.1862,2617.3885,2673.001,30822829659,3.23211E+11
17/02/2025,18/02/2025,2667.5598,2837.7658,2655.5395,2746.7737,21133894534,3.28377E+11
16/02/2025,17/02/2025,2694.6799,2720.8784,2662.8616,2663.6676,12583513109,3.2489E+11
15/02/2025,16/02/2025,2727.5147,2739.1878,2683.7543,2695.643,19209944218,3.26272E+11
14/02/2025,15/02/2025,2675.1054,2783.1329,2670.4857,2724.658,22268966512,3.27021E+11
13/02/2025,14/02/2025,2735.7051,2753.9677,2622.6285,2677.2258,31653355527,3.23083E+11
12/02/2025,13/02/2025,2607.7464,2776.256,2576.1423,2735.3528,27418740251,3.17564E+11
11/02/2025,12/02/2025,2664.1314,2724.4038,2591.7563,2605.7383,22631863275,3.21738E+11
10/02/2025,11/02/2025,2642.3128,2690.3069,2576.6315,2660.9936,25739699542,3.19372E+11
09/02/2025,10/02/2025,2636.2478,2679.2743,2550.4002,2633.5511,18724695429,3.18931E+11
08/02/2025,09/02/2025,2621.5845,2658.7908,2595.9992,2636.9134,31964813949,3.16598E+11
07/02/2025,08/02/2025,2698.167,2792.7749,2571.3816,2624.3214,34939612361,3.25831E+11
06/02/2025,07/02/2025,2793.877,2856.0322,2670.0595,2688.2606,35574485031,3.34246E+11
05/02/2025,06/02/2025,2733.5092,2820.6996,2706.3004,2791.8225,49812617832,3.32835E+11
04/02/2025,05/02/2025,2883.001,2887.2293,2643.1297,2739.2858,68315793868,3.34243E+11
03/02/2025,04/02/2025,2857.539,2906.2452,2340.1263,2878.5727,1.08101E+11,3.18899E+11
02/02/2025,03/02/2025,3122.938,3161.1708,2810.4714,2861.6189,69127983468,3.67842E+11
01/02/2025,02/02/2025,3293.8377,3328.4496,3107.9489,3118.8217,75744714198,3.91902E+11
31/01/2025,01/02/2025,3256.1511,3430.5954,3219.2279,3299.6859,45766753462,3.97765E+11
30/01/2025,31/01/2025,3111.5636,3280.6953,3099.0583,3250.3917,28950574316,3.87974E+11
29/01/2025,30/01/2025,3082.5931,3167.094,3062.7518,3115.5618,23980111751,3.76399E+11
28/01/2025,29/01/2025,3196.7367,3222.1802,3050.6451,3079.4891,33248822130,3.82126E+11
27/01/2025,28/01/2025,3238.8679,3248.5832,3035.4961,3175.7636,34500413661,3.765E+11
26/01/2025,27/01/2025,3317.1459,3358.5271,3239.952,3239.952,15441120904,4.00279E+11
25/01/2025,26/01/2025,3313.3659,3350.3155,3278.4164,3321.9714,23951401455,3.99288E+11
24/01/2025,25/01/2025,3337.2891,3419.4056,3284.2594,3312.1843,39718724857,4.05622E+11
23/01/2025,24/01/2025,3243.2423,3339.8612,3194.4642,3334.347,28123652347,3.90142E+11
22/01/2025,23/01/2025,3332.7509,3359.9576,3236.5177,3241.2247,30774960752,3.9741E+11
21/01/2025,22/01/2025,3270.3112,3358.7951,3217.6035,3324.7919,50486366902,3.9618E+11
20/01/2025,21/01/2025,3201.7302,3425.3377,3162.6452,3270.9125,73769555307,3.99443E+11
19/01/2025,20/01/2025,3300.8532,3439.1313,3141.521,3209.1947,45278179781,3.97947E+11
18/01/2025,19/01/2025,3475.5254,3488.0589,3241.6216,3311.2036,37107348817,4.00236E+11
17/01/2025,18/01/2025,3312.8305,3521.4532,3310.1622,3475.7707,33082426140,4.10751E+11
16/01/2025,17/01/2025,3445.1212,3445.1212,3272.901,3309.1113,33564513804,4.03306E+11
15/01/2025,16/01/2025,3222.5219,3464.6629,3190.3647,3446.5483,28542955102,3.96483E+11
14/01/2025,15/01/2025,3138.5582,3251.2566,3131.0023,3226.8039,42997450183,3.85174E+11
13/01/2025,14/01/2025,3274.3179,3329.4501,2983.6191,3137.4972,29965017837,3.78132E+11
12/01/2025,13/01/2025,3285.7521,3298.2826,3233.0958,3265.1357,14533181437,3.94254E+11
11/01/2025,12/01/2025,3270.7379,3319.3191,3224.8162,3287.154,25203648142,3.93239E+11
10/01/2025,11/01/2025,3225.1431,3321.4982,3205.0965,3270.7251,36092275579,3.94269E+11
09/01/2025,10/01/2025,3325.2911,3356.3479,3167.6172,3222.8258,38019883144,3.96219E+11
08/01/2025,09/01/2025,3382.6228,3413.7142,3232.3165,3329.513,44124406652,4.02849E+11
07/01/2025,08/01/2025,3681.8033,3700.1882,3372.9228,3382.3961,31048790357,4.30956E+11
06/01/2025,07/01/2025,3639.4222,3736.0327,3615.1707,3690.0782,23686182589,4.41834E+11
05/01/2025,06/01/2025,3655.0146,3670.0593,3598.9845,3639.1966,19538831693,4.37646E+11
04/01/2025,05/01/2025,3608.1135,3666.8818,3577.7018,3660.0077,25798252690,4.35677E+11
03/01/2025,04/01/2025,3454.0645,3625.0143,3426.4105,3605.1944,26471637176,4.22883E+11
02/01/2025,03/01/2025,3356.4753,3495.0842,3356.4753,3453.7892,22908424670,4.14306E+11
01/01/2025,02/01/2025,3338.8804,3367.6419,3319.7644,3360.3987,21114226602,4.03129E+11
31/12/2024,01/01/2025,3358.1097,3442.1557,3319.5678,3339.3388,29921790437,4.05874E+11
30/12/2024,31/12/2024,3359.7896,3426.9622,3307.2929,3362.7678,23597675149,4.08157E+11
29/12/2024,30/12/2024,3403.9568,3412.908,3331.2269,3361.8377,16000753452,4.07204E+11
28/12/2024,29/12/2024,3336.2961,3414.4112,3326.1552,3405.2504,22644237414,4.05372E+11
27/12/2024,28/12/2024,3338.6735,3431.4421,3309.865,3333.8817,28434551799,4.05256E+11
26/12/2024,27/12/2024,3504.36,3511.2112,3312.8142,3332.2171,23025805597,4.07926E+11
25/12/2024,26/12/2024,3490.7882,3539.8233,3447.573,3493.9157,26142151099,4.19642E+11
24/12/2024,25/12/2024,3416.3805,3523.2474,3364.9631,3497.9701,35880466197,4.13915E+11
23/12/2024,24/12/2024,3280.1994,3457.3225,3229.2311,3415.7123,35937633351,4.01342E+11
22/12/2024,23/12/2024,3330.8735,3398.8447,3231.1914,3276.7888,33934014173,4.01561E+11
21/12/2024,22/12/2024,3470.9469,3545.6217,3305.7744,3340.4166,57665605494,4.1266E+11
20/12/2024,21/12/2024,3421.3389,3490.0832,3120.9825,3466.7475,81092384718,4.06047E+11
19/12/2024,20/12/2024,3643.4544,3718.5472,3362.3485,3436.3037,62702704467,4.33894E+11
18/12/2024,19/12/2024,3890.4503,3899.2388,3627.0821,3631.2671,46219761174,4.61759E+11
17/12/2024,18/12/2024,3977.7102,4039.4029,3860.3154,3883.1471,51242538107,4.79411E+11
16/12/2024,17/12/2024,3953.729,4087.5678,3894.0727,3988.2391,41992989681,4.78922E+11
15/12/2024,16/12/2024,3870.624,3963.2528,3837.5557,3963.2528,25923935187,4.6803E+11
14/12/2024,15/12/2024,3908.3892,3941.5552,3832.8226,3868.2654,31182188120,4.68713E+11
13/12/2024,14/12/2024,3887.0938,3964.9047,3856.5753,3909.0227,45881430495,4.70978E+11
12/12/2024,13/12/2024,3826.3204,3982.7149,3800.9181,3881.3655,44494665436,4.70542E+11
11/12/2024,12/12/2024,3634.7298,3847.8388,3572.6281,3829.0521,55142194680,4.48845E+11
10/12/2024,11/12/2024,3696.497,3774.0167,3528.2666,3628.8115,77152357433,4.43535E+11
09/12/2024,10/12/2024,4000.7757,4000.7757,3611.9149,3715.3684,37740481900,4.65715E+11
08/12/2024,09/12/2024,4003.0955,4015.2743,3936.9478,4015.2743,25345220862,4.79875E+11
07/12/2024,08/12/2024,4005.9638,4024.2709,3977.6211,4000.0664,49316091682,4.8162E+11
06/12/2024,07/12/2024,3787.0958,4084.4091,3787.0958,4005.8846,66701685156,4.7415E+11
05/12/2024,06/12/2024,3834.3137,3947.2674,3741.8264,3790.4221,70890825038,4.66447E+11
04/12/2024,05/12/2024,3620.3911,3879.7252,3620.3911,3838.9454,53939665395,4.51214E+11
03/12/2024,04/12/2024,3638.3021,3661.1126,3512.5343,3625.5278,46319722633,4.34623E+11
02/12/2024,03/12/2024,3707.9575,3744.724,3567.3985,3641.4213,42617379111,4.38749E+11
01/12/2024,02/12/2024,3709.608,3734.6788,3664.0405,3703.0563,32850450104,4.45644E+11
30/11/2024,01/12/2024,3590.9472,3725.6221,3577.1108,3703.812,36730972265,4.41655E+11
29/11/2024,30/11/2024,3578.6689,3640.1139,3542.6347,3593.636,34408606129,4.3152E+11
28/11/2024,29/11/2024,3645.0601,3657.0736,3537.5573,3578.2137,48142376764,4.32732E+11
27/11/2024,28/11/2024,3321.7403,3678.7596,3310.6943,3662.2765,47039036337,4.19508E+11
26/11/2024,27/11/2024,3408.0632,3460.2276,3263.2728,3328.6135,56832300391,4.05001E+11
25/11/2024,26/11/2024,3350.5496,3533.9707,3306.4087,3415.4204,41866352589,4.12516E+11
24/11/2024,25/11/2024,3396.2598,3442.5551,3290.4186,3359.6938,39206582420,4.0555E+11
23/11/2024,24/11/2024,3321.6837,3484.671,3318.592,3391.0575,43462675702,4.07122E+11
22/11/2024,23/11/2024,3361.4185,3413.2604,3273.9946,3324.1296,54249579251,4.01176E+11
21/11/2024,22/11/2024,3072.1877,3385.4357,3038.8448,3363.7218,48480619569,3.88137E+11
20/11/2024,21/11/2024,3106.3372,3150.461,3036.3053,3071.7452,34553671664,3.72941E+11
19/11/2024,20/11/2024,3216.1673,3216.1673,3079.6981,3111.9588,42127333474,3.76445E+11
18/11/2024,19/11/2024,3076.2365,3216.9972,3058.9683,3212.2461,33499392961,3.76304E+11
17/11/2024,18/11/2024,3137.0396,3159.072,3051.5679,3075.4451,32330820830,3.73824E+11
16/11/2024,17/11/2024,3090.2146,3208.6767,3076.3723,3132.193,36153478406,3.78369E+11
15/11/2024,16/11/2024,3073.1999,3129.4133,3023.3663,3094.1653,39878398754,3.69878E+11
14/11/2024,15/11/2024,3190.795,3235.7841,3048.3298,3059.1004,58895253838,3.81578E+11
13/11/2024,14/11/2024,3254.3141,3331.5694,3123.91,3189.1444,58728860863,3.86518E+11
12/11/2024,13/11/2024,3354.328,3435.2489,3217.9822,3256.1818,71973542793,3.9765E+11
11/11/2024,12/11/2024,3188.7346,3381.8718,3119.5911,3376.7687,52446293722,3.88037E+11
10/11/2024,11/11/2024,3116.0342,3239.6794,3095.1368,3189.6556,39633601071,3.82741E+11
09/11/2024,10/11/2024,2956.7487,3147.2829,2956.7487,3125.8481,33853867216,3.65256E+11
08/11/2024,09/11/2024,2903.7817,2971.6547,2890.2367,2958.7839,35525344071,3.52041E+11
07/11/2024,08/11/2024,2718.0301,2911.7093,2704.1715,2893.4593,42116216784,3.41145E+11
06/11/2024,07/11/2024,2427.9603,2736.8628,2425.4696,2720.0061,38739365549,3.15374E+11
05/11/2024,06/11/2024,2400.4728,2477.1459,2383.5748,2424.2234,21727499229,2.93009E+11
04/11/2024,05/11/2024,2455.0852,2485.4767,2369.8167,2396.9635,18194427779,2.94837E+11
03/11/2024,04/11/2024,2492.1993,2495.4708,2416.5102,2458.8649,15221719336,2.95403E+11
02/11/2024,03/11/2024,2515.7327,2522.247,2480.0381,2491.4827,17934388402,3.00835E+11
01/11/2024,02/11/2024,2520.6882,2580.2726,2480.8752,2513.8346,25320393925,3.02926E+11
31/10/2024,01/11/2024,2661.3214,2664.8655,2508.7715,2517.618,23856549878,3.1298E+11
30/10/2024,31/10/2024,2637.6911,2716.6984,2606.7913,2659.0627,25752648703,3.20678E+11
29/10/2024,30/10/2024,2565.7784,2675.2624,2562.5821,2637.2503,25882317001,3.15911E+11
28/10/2024,29/10/2024,2512.144,2579.3281,2481.5583,2565.9021,16079442148,3.02844E+11
27/10/2024,28/10/2024,2486.015,2526.7467,2472.6548,2513.9056,12576405460,2.99944E+11
26/10/2024,27/10/2024,2435.7022,2506.2337,2435.7022,2486.0441,25499915603,2.97426E+11
25/10/2024,26/10/2024,2538.0507,2556.4719,2401.4827,2426.0749,20080465780,3.02454E+11
24/10/2024,25/10/2024,2524.2931,2558.6877,2513.2672,2537.6447,22332734474,3.05358E+11
23/10/2024,24/10/2024,2622.9519,2623.3804,2475.2726,2527.6145,18301551589,3.08943E+11
22/10/2024,23/10/2024,2669.7285,2669.7285,2607.5124,2620.9679,19891942428,3.17077E+11
21/10/2024,22/10/2024,2742.7096,2761.2256,2660.1079,2668.0588,21584892445,3.25394E+11
20/10/2024,21/10/2024,2649.8269,2750.333,2636.5087,2744.3776,11059235376,3.21552E+11
19/10/2024,20/10/2024,2642.4721,2658.6012,2632.0077,2649.1096,15371653284,3.18193E+11
18/10/2024,19/10/2024,2605.842,2669.3187,2597.2123,2642.2951,19296052208,3.16945E+11
17/10/2024,18/10/2024,2616.0981,2644.3317,2582.4598,2603.7922,18293153684,3.14696E+11
16/10/2024,17/10/2024,2605.3226,2642.3032,2591.938,2612.1408,33198362141,3.14975E+11
15/10/2024,16/10/2024,2630.2038,2676.9401,2540.6433,2602.9998,65487215314,3.13407E+11
14/10/2024,15/10/2024,2466.9809,2648.3699,2445.7117,2629.5321,60792592318,3.08177E+11
13/10/2024,14/10/2024,2478.6916,2482.6763,2437.0976,2465.9172,22639714811,2.96267E+11
12/10/2024,13/10/2024,2439.8292,2487.1163,2434.7447,2476.9495,30505286231,2.95887E+11
11/10/2024,12/10/2024,2383.0122,2466.7547,2381.4875,2435.8833,39927502627,2.91683E+11
10/10/2024,11/10/2024,2371.6688,2414.6507,2334.3428,2381.9907,46226053752,2.87053E+11
09/10/2024,10/10/2024,2439.0923,2468.6206,2360.4501,2368.7741,53048689007,2.92328E+11
08/10/2024,09/10/2024,2429.1611,2459.0201,2406.5276,2441.5104,60870942466,2.92978E+11
07/10/2024,08/10/2024,2440.2513,2518.1013,2409.7656,2423.7829,50422252821,2.97434E+11
06/10/2024,07/10/2024,2411.5666,2453.8659,2408.5,2438.6996,26311445867,2.9233E+11
05/10/2024,06/10/2024,2420.2255,2426.3081,2392.0934,2416.1068,36501432257,2.90444E+11
04/10/2024,05/10/2024,2352.2741,2438.5051,2341.2904,2417.5872,48887108059,2.88102E+11
03/10/2024,04/10/2024,2363.5738,2402.6092,2314.0354,2350.4669,64147590038,2.83903E+11
02/10/2024,03/10/2024,2453.2018,2500.2849,2359.6067,2367.5875,59258335252,2.94485E+11
01/10/2024,02/10/2024,2602.956,2656.8548,2432.4723,2455.3594,75327616227,3.09756E+11
30/09/2024,01/10/2024,2657.1184,2659.8285,2582.0822,2597.1898,50825380352,3.15264E+11
29/09/2024,30/09/2024,2677.9749,2683.5485,2637.794,2661.2174,31376885449,3.2038E+11
28/09/2024,29/09/2024,2699.9472,2703.962,2655.4795,2679.5182,47646560992,3.2245E+11
27/09/2024,28/09/2024,2629.8415,2720.2057,2617.786,2696.9133,65927670477,3.21148E+11
26/09/2024,27/09/2024,2582.5213,2661.5188,2561.7027,2630.8486,62952122715,3.15751E+11
25/09/2024,26/09/2024,2651.3904,2665.2899,2564.3497,2578.7016,69624453084,3.14587E+11
24/09/2024,25/09/2024,2648.4392,2667.4619,2594.7967,2653.7196,75454281873,3.17435E+11
23/09/2024,24/09/2024,2579.1154,2690.207,2554.9903,2647.1911,81711484993,3.19126E+11
22/09/2024,23/09/2024,2618.1437,2628.8546,2531.8988,2581.0899,54299828632,3.10887E+11
21/09/2024,22/09/2024,2559.0148,2618.1029,2532.6668,2615.6591,52774486957,3.07959E+11
20/09/2024,21/09/2024,2465.1597,2569.427,2440.4414,2557.5129,84650021146,3.04655E+11
19/09/2024,20/09/2024,2382.7849,2488.8134,2377.7836,2465.818,90170205111,2.93102E+11
18/09/2024,19/09/2024,2340.3952,2360.131,2284.1697,2360.131,60508907994,2.79199E+11
17/09/2024,18/09/2024,2297.3418,2387.6376,2265.7066,2340.6357,50992990806,2.79556E+11
16/09/2024,17/09/2024,2317.2073,2331.3598,2259.9272,2296.6475,59464244325,2.75802E+11
15/09/2024,16/09/2024,2419.063,2429.25,2312.8386,2322.1973,31089434736,2.88838E+11
14/09/2024,15/09/2024,2440.9578,2440.9578,2396.373,2418.4846,65188499369,2.91221E+11
13/09/2024,14/09/2024,2361.6928,2458.0959,2338.8523,2444.3826,71532309023,2.86353E+11
12/09/2024,13/09/2024,2342.1021,2382.9799,2320.5698,2362.0268,82098610117,2.83235E+11
11/09/2024,12/09/2024,2386.7733,2386.7733,2284.05,2343.4045,84804412342,2.81298E+11
10/09/2024,11/09/2024,2358.0765,2397.7908,2326.3383,2391.1928,64427338118,2.83291E+11
09/09/2024,10/09/2024,2296.2425,2375.6777,2276.3507,2360.4073,64310245769,2.79168E+11
08/09/2024,09/09/2024,2271.712,2330.6072,2246.7796,2297.8977,39723810386,2.74838E+11
07/09/2024,08/09/2024,2231.7322,2308.6582,2226.1881,2272.2729,49391736994,2.73629E+11
06/09/2024,07/09/2024,2369.8234,2405.3853,2175.1372,2226.2336,81863728027,2.79459E+11
05/09/2024,06/09/2024,2452.9409,2465.2994,2356.0129,2369.5972,72221784955,2.88539E+11
04/09/2024,05/09/2024,2433.2665,2487.2768,2337.5743,2452.2749,23718907407,2.90876E+11
03/09/2024,04/09/2024,2540.5543,2553.4566,2438.1004,2438.1004,71254116952,2.99655E+11
02/09/2024,03/09/2024,2432.8884,2561.0235,2428.7995,2539.6288,20035384902,3.0029E+11
01/09/2024,02/09/2024,2512.4604,2516.3066,2409.3747,2430.9171,44978505532,2.98131E+11
31/08/2024,01/09/2024,2523.4476,2533.1541,2496.5843,2514.6596,73116751503,3.0303E+11
30/08/2024,31/08/2024,2526.0696,2537.557,2441.6821,2527.8508,1.00197E+11,3.01639E+11
29/08/2024,30/08/2024,2530.1333,2595.4396,2509.4422,2527.8966,98737053363,3.05845E+11
28/08/2024,29/08/2024,2454.1869,2552.2925,2429.0558,2528.9692,32740526588,3.00052E+11
27/08/2024,28/08/2024,2685.7921,2699.2548,2441.9281,2464.2258,82975229854,3.15087E+11
26/08/2024,27/08/2024,2754.1201,2762.9236,2671.8844,2684.2857,85489888570,3.27412E+11
25/08/2024,26/08/2024,2771.4623,2791.7577,2741.1985,2747.1409,30500044725,3.32191E+11
24/08/2024,25/08/2024,2768.5943,2815.8938,2745.8208,2766.8233,19522838660,3.32646E+11
23/08/2024,24/08/2024,2623.9889,2796.865,2623.9889,2762.7538,15762387827,3.2282E+11
22/08/2024,23/08/2024,2634.5055,2645.9577,2594.8353,2624.906,16982370736,3.15199E+11
21/08/2024,22/08/2024,2579.8199,2659.8239,2552.611,2631.0461,16309363308,3.12938E+11
20/08/2024,21/08/2024,2637.8247,2693.986,2570.3182,2579.7431,17076152094,3.1637E+11
19/08/2024,20/08/2024,2613.3601,2649.5308,2574.9342,2640.3929,13738107674,3.13884E+11
18/08/2024,19/08/2024,2619.1546,2680.5919,2602.6847,2621.8018,10684582236,3.17468E+11
17/08/2024,18/08/2024,2597.5662,2627.1605,2593.2407,2618.2232,15001355445,3.13351E+11
16/08/2024,17/08/2024,2572.7081,2628.9703,2561.2868,2595.7544,21909793862,3.12471E+11
15/08/2024,16/08/2024,2664.2417,2674.5814,2536.6112,2573.4069,21172796981,3.15293E+11
14/08/2024,15/08/2024,2701.3749,2760.9126,2646.1577,2664.8732,21303300704,3.24396E+11
13/08/2024,14/08/2024,2725.257,2734.2765,2619.8933,2704.6421,26482751923,3.21852E+11
12/08/2024,13/08/2024,2563.8531,2741.4118,2531.0374,2727.6733,24379596635,3.15424E+11
11/08/2024,12/08/2024,2611.4138,2711.0543,2552.1725,2560.9146,13783923340,3.16401E+11
10/08/2024,11/08/2024,2595.6427,2642.4081,2586.2779,2609.7463,18641746064,3.14219E+11
09/08/2024,10/08/2024,2681.0539,2704.0312,2560.8861,2600.1855,29064924778,3.1652E+11
08/08/2024,09/08/2024,2349.2904,2709.9281,2327.1725,2684.7862,30921267870,2.99584E+11
07/08/2024,08/08/2024,2462.0024,2543.0155,2326.3285,2341.4748,31259953363,2.93898E+11
06/08/2024,07/08/2024,2426.3372,2548.8666,2426.3372,2459.4515,50388457256,2.99955E+11
05/08/2024,06/08/2024,2696.0685,2696.0685,2192.5857,2422.2871,67933658420,2.84995E+11
04/08/2024,05/08/2024,2907.5983,2931.6832,2673.4794,2689.3252,22756243525,3.42836E+11
03/08/2024,04/08/2024,2992.2673,3014.762,2870.9185,2910.0724,27325713250,3.55625E+11
02/08/2024,03/08/2024,3206.6366,3214.8966,2976.9345,2988.3481,26483179607,3.73012E+11
01/08/2024,02/08/2024,3243.4517,3246.3799,3087.2567,3206.9265,25193218995,3.81012E+11
31/07/2024,01/08/2024,3284.431,3349.4383,3229.4863,3238.8524,19719654939,3.96484E+11
30/07/2024,31/07/2024,3323.564,3369.3266,3253.1433,3285.9162,23356590933,3.98756E+11
29/07/2024,30/07/2024,3275.9617,3402.1238,3272.521,3325.127,18562538335,4.01698E+11
28/07/2024,29/07/2024,3242.7468,3282.7142,3209.2431,3278.9554,19887735032,3.91186E+11
27/07/2024,28/07/2024,3274.3051,3325.5462,3215.0684,3258.4777,18671129755,3.93264E+11
26/07/2024,27/07/2024,3177.8454,3287.6622,3177.7097,3280.8121,28361645389,3.9053E+11
25/07/2024,26/07/2024,3344.0852,3348.7542,3104.8417,3176.023,30095533928,3.81779E+11
24/07/2024,25/07/2024,3494.3649,3494.9253,3331.2702,3343.8444,29532333371,4.12426E+11
23/07/2024,24/07/2024,3449.6586,3546.2619,3414.8226,3494.8847,29990394807,4.18087E+11
22/07/2024,23/07/2024,3542.9018,3560.864,3438.9392,3450.8457,23551390572,4.19683E+11
21/07/2024,22/07/2024,3526.1437,3546.9167,3443.0805,3538.6512,14600561414,4.21786E+11
20/07/2024,21/07/2024,3511.3714,3542.3218,3488.0614,3529.6639,20635062567,4.21656E+11
19/07/2024,20/07/2024,3435.8713,3549.4278,3396.4205,3509.1482,21093211097,4.15619E+11
18/07/2024,19/07/2024,3406.515,3501.6378,3392.5912,3442.3484,20420147970,4.13547E+11
17/07/2024,18/07/2024,3461.005,3523.8767,3398.8222,3403.4466,24946429985,4.16601E+11
16/07/2024,17/07/2024,3505.0278,3506.2322,3365.8555,3458.0888,25378090716,4.14349E+11
15/07/2024,16/07/2024,3266.7804,3503.3414,3257.7128,3498.9224,18467836111,4.05947E+11
14/07/2024,15/07/2024,3200.6783,3284.0263,3189.5346,3273.8138,13053293725,3.86731E+11
13/07/2024,14/07/2024,3146.3327,3218.7632,3131.2577,3196.7692,13921944277,3.8032E+11
12/07/2024,13/07/2024,3110.2808,3165.9913,3065.8166,3147.3858,19310170942,3.74156E+11
11/07/2024,12/07/2024,3109.4128,3207.216,3083.5574,3113.2544,19287702682,3.76253E+11
10/07/2024,11/07/2024,3078.168,3151.922,3047.5365,3112.4004,19259438465,3.73278E+11
09/07/2024,10/07/2024,3026.4368,3110.1809,3020.9629,3079.5205,25028894458,3.69546E+11
08/07/2024,09/07/2024,2951.7716,3082.1223,2843.9711,3027.0641,24973397089,3.58593E+11
07/07/2024,08/07/2024,3078.5057,3087.1217,2935.1631,2939.0514,13971466196,3.62299E+11
06/07/2024,07/07/2024,2986.2657,3092.5568,2967.2925,3081.0869,23054834715,3.63662E+11
05/07/2024,06/07/2024,3060.2769,3112.8855,2838.9092,2986.8941,36750836691,3.55897E+11
04/07/2024,05/07/2024,3310.2829,3320.6916,3079.6495,3079.6495,23821827279,3.8213E+11
03/07/2024,04/07/2024,3438.1561,3445.8218,3270.9404,3308.8933,16202961456,4.01617E+11
02/07/2024,03/07/2024,3459.2052,3482.3441,3424.7669,3437.5581,13864060407,4.15173E+11
01/07/2024,02/07/2024,3456.2278,3530.274,3450.9956,3458.9634,14646388692,4.19435E+11
30/06/2024,01/07/2024,3399.2329,3472.1653,3381.1022,3460.3454,9247929776,4.10456E+11
29/06/2024,30/06/2024,3390.5327,3415.8747,3390.5327,3397.4173,13651160560,4.08853E+11
28/06/2024,29/06/2024,3459.8701,3494.1628,3379.6875,3388.7953,16467284124,4.12898E+11
27/06/2024,28/06/2024,3383.5292,3481.1707,3379.1649,3458.8487,15804001113,4.11661E+11
26/06/2024,27/06/2024,3405.1884,3432.36,3347.8603,3381.2506,14391379661,4.08027E+11
25/06/2024,26/06/2024,3361.4335,3430.0008,3345.1593,3408.774,22117258703,4.07522E+11
24/06/2024,25/06/2024,3441.3306,3451.1578,3262.5114,3363.7635,19520467667,4.03338E+11
23/06/2024,24/06/2024,3523.0682,3544.8247,3443.0237,3443.0237,9130648585,4.22081E+11
22/06/2024,23/06/2024,3532.3234,3532.3234,3496.4233,3520.6715,15479329283,4.22467E+11
21/06/2024,22/06/2024,3529.9099,3552.3111,3473.5469,3529.105,18831776301,4.22524E+11
20/06/2024,21/06/2024,3567.5669,3632.773,3505.837,3527.9278,18144710485,4.28482E+11
19/06/2024,20/06/2024,3494.1308,3590.9042,3480.0472,3569.4527,22778733740,4.27146E+11
18/06/2024,19/06/2024,3527.9577,3527.9577,3387.0528,3490.6478,23930785822,4.13602E+11
17/06/2024,18/06/2024,3642.0912,3652.911,3493.0054,3525.994,17339845259,4.28176E+11
16/06/2024,17/06/2024,3581.4901,3663.6045,3561.9866,3640.5622,13016030239,4.32247E+11
15/06/2024,16/06/2024,3498.1517,3599.2194,3493.2443,3582.6116,19756475839,4.26813E+11
14/06/2024,15/06/2024,3536.0149,3575.9255,3384.5426,3497.0945,20153361899,4.23703E+11
13/06/2024,14/06/2024,3586.2721,3588.8137,3490.8431,3529.6099,23211103124,4.25325E+11
12/06/2024,13/06/2024,3536.8556,3659.8818,3513.4303,3588.8847,23450549243,4.30843E+11
11/06/2024,12/06/2024,3692.0118,3692.8508,3490.1683,3535.8359,21582378438,4.29674E+11
10/06/2024,11/06/2024,3718.052,3719.0333,3683.7432,3690.4326,13743983447,4.4469E+11
09/06/2024,10/06/2024,3701.2617,3724.9377,3693.7207,3719.0626,13138578065,4.45617E+11
08/06/2024,09/06/2024,3692.4326,3715.3797,3688.5027,3702.4338,22112730181,4.44482E+11
07/06/2024,08/06/2024,3793.6145,3817.2667,3668.1147,3693.2824,20603711253,4.52705E+11
06/06/2024,07/06/2024,3838.5863,3845.3347,3767.6704,3795.4837,19970081918,4.58547E+11
05/06/2024,06/06/2024,3795.4214,3847.128,3773.3584,3840.318,20340658273,4.56769E+11
04/06/2024,05/06/2024,3760.3363,3803.5736,3744.5133,3796.1807,19452924198,4.53186E+11
03/06/2024,04/06/2024,3764.2367,3817.2073,3753.4775,3758.8311,18158729639,4.54181E+11
02/06/2024,03/06/2024,3784.9528,3797.2425,3749.5158,3767.4795,15485260823,4.53279E+11
01/06/2024,02/06/2024,3756.2266,3793.886,3746.8638,3785.174,19357635370,4.53322E+11
31/05/2024,01/06/2024,3745.2897,3811.4366,3727.1787,3754.9694,21320456634,4.51477E+11
30/05/2024,31/05/2024,3762.5786,3797.9878,3711.5996,3746.2971,22354133104,4.51313E+11
29/05/2024,30/05/2024,3822.6668,3848.4572,3742.574,3760.2263,24065068933,4.55444E+11
28/05/2024,29/05/2024,3858.295,3879.4064,3774.1062,3821.6187,25053251979,4.60372E+11
27/05/2024,28/05/2024,3801.3107,3919.9212,3801.3107,3863.3463,23755397502,4.65065E+11
26/05/2024,27/05/2024,3747.1139,3834.8396,3739.1002,3802.9031,17103181755,4.54785E+11
25/05/2024,26/05/2024,3725.8296,3765.8658,3718.0679,3746.9927,21662918305,4.49799E+11
24/05/2024,25/05/2024,3768.5169,3813.6985,3651.6707,3729.3849,50662180632,4.48278E+11
23/05/2024,24/05/2024,3743.3851,3906.8369,3686.0141,3762.9906,38218067429,4.5499E+11
22/05/2024,23/05/2024,3782.7658,3798.8464,3679.8664,3740.4041,40014294157,4.50294E+11
21/05/2024,22/05/2024,3668.3001,3809.484,3635.5832,3783.9725,51567094232,4.47199E+11
20/05/2024,21/05/2024,3073.1032,3678.9175,3058.8148,3655.0761,16711641276,3.83216E+11
19/05/2024,20/05/2024,3124.5805,3138.3659,3064.9943,3077.2446,10498406218,3.72229E+11
18/05/2024,19/05/2024,3094.1352,3148.4639,3091.3772,3124.6459,15607196433,3.74231E+11
17/05/2024,18/05/2024,2944.6721,3114.4688,2939.1483,3096.5567,17499374712,3.64654E+11
16/05/2024,17/05/2024,3037.0939,3040.4646,2930.0507,2946.525,18409130092,3.58471E+11
15/05/2024,16/05/2024,2890.9995,3040.3976,2871.2261,3038.4018,15530322764,3.5396E+11
14/05/2024,15/05/2024,2950.9286,2962.4673,2876.9228,2885.9471,15243697099,3.50244E+11
13/05/2024,14/05/2024,2939.8921,2991.1717,2879.5344,2951.8969,14451671027,3.53931E+11
12/05/2024,13/05/2024,2921.2714,2957.482,2913.4757,2940.0684,8710887809,3.52364E+11
11/05/2024,12/05/2024,2917.1542,2942.2771,2899.6712,2917.5761,14615951567,3.50918E+11
10/05/2024,11/05/2024,3036.2341,3055.5622,2893.4119,2914.7175,15348847522,3.58912E+11
09/05/2024,10/05/2024,2982.4435,3057.9938,2962.5723,3041.4941,15431620439,3.6074E+11
08/05/2024,09/05/2024,3016.9787,3039.6624,2950.6782,2980.2923,16305526587,3.61327E+11
07/05/2024,08/05/2024,3073.4499,3129.9726,3017.5895,3018.8003,18009353669,3.69252E+11
06/05/2024,07/05/2024,3147.9043,3226.2427,3064.5102,3070.6776,14774931107,3.76194E+11
05/05/2024,06/05/2024,3123.1863,3171.0526,3083.8993,3145.7927,12769298228,3.76368E+11
04/05/2024,05/05/2024,3109.0019,3167.0271,3105.2793,3122.9548,16112788054,3.75675E+11
03/05/2024,04/05/2024,2995.1504,3129.2215,2970.1135,3109.1052,17797249530,3.64083E+11
02/05/2024,03/05/2024,2982.6549,3016.1151,2905.9576,2996.1961,24512610743,3.58685E+11
01/05/2024,02/05/2024,3020.1584,3025.2748,2842.6042,2978.4627,27698776252,3.59085E+11
30/04/2024,01/05/2024,3215.8261,3251.9596,2934.4719,3025.4554,22560950656,3.75229E+11
29/04/2024,30/04/2024,3276.7759,3290.2292,3128.9746,3221.3244,20112239962,3.90258E+11
28/04/2024,29/04/2024,3262.7431,3349.1001,3259.9104,3267.5264,17495409070,4.03963E+11
27/04/2024,28/04/2024,3138.1956,3276.4548,3090.4257,3266.4045,16096897369,3.85995E+11
26/04/2024,27/04/2024,3159.7408,3164.0257,3109.0185,3136.485,17568442070,3.83571E+11
25/04/2024,26/04/2024,3144.7356,3191.1677,3086.2351,3160.3572,20916663781,3.84276E+11
24/04/2024,25/04/2024,3226.5814,3292.5009,3119.827,3143.4108,16777945141,3.92818E+11
23/04/2024,24/04/2024,3203.5081,3259.6654,3161.1935,3222.9544,15615157883,3.90925E+11
22/04/2024,23/04/2024,3154.885,3236.2895,3139.1486,3205.1638,15268999697,3.84038E+11
21/04/2024,22/04/2024,3152.6366,3197.1134,3125.9824,3151.7936,13828359561,3.79923E+11
20/04/2024,21/04/2024,3061.1119,3164.9343,3029.3462,3156.4933,18414450765,3.70812E+11
19/04/2024,20/04/2024,3064.6866,3119.2634,2883.5642,3066.9869,26626321057,3.6778E+11
18/04/2024,19/04/2024,2994.9314,3088.8207,2964.3582,3066.9058,24462589621,3.64033E+11
17/04/2024,18/04/2024,3086.2507,3123.377,2940.8497,2986.9312,23766865779,3.65614E+11
16/04/2024,17/04/2024,3104.6052,3120.097,3011.6021,3085.2485,29508772950,3.69045E+11
15/04/2024,16/04/2024,3148.3086,3274.6408,3046.618,3104.8875,30679480180,3.80234E+11
14/04/2024,15/04/2024,3020.6766,3167.6846,2921.9017,3155.7818,45094615982,3.66675E+11
13/04/2024,14/04/2024,3231.1639,3297.6372,2874.401,3024.3586,32796794122,3.84237E+11
12/04/2024,13/04/2024,3515.9494,3559.298,3207.709,3245.0984,20597446898,4.13223E+11
11/04/2024,12/04/2024,3544.0727,3619.6398,3487.4192,3516.6996,23359330961,4.25841E+11
10/04/2024,11/04/2024,3505.5251,3559.9659,3426.2983,3547.5273,25494309765,4.21861E+11
